return_id,invoice_id,return_date,product_id,customer_id,return_quantity,return_reason
1,533554,2026-01-11,1009,211,19,Damaged Product
2,509428,2025-01-30,1010,264,16,Quality Issue
3,500200,2025-10-05,1009,180,9,Expired Product
4,512448,2025-03-24,1013,174,8,Quality Issue
5,539490,2025-06-17,1001,148,2,Expired Product
6,542725,2025-04-08,1007,57,3,Quality Issue
7,510823,2025-11-08,1002,102,17,Expired Product
8,549499,2025-12-15,1014,102,26,Quality Issue
9,504145,2025-02-25,1014,263,3,Damaged Product
10,536959,2025-11-19,1013,264,12,Expired Product
11,999999,2025-12-27,1024,493,4,Damaged Product
12,538696,2025-09-15,1008,221,8,Wrong Shipment
13,506189,2025-05-02,1002,94,25,Damaged Product
14,501415,2025-09-10,1006,43,3,Quality Issue
15,518472,2025-08-11,1012,178,30,Damaged Product
16,529283,2025-08-08,1004,259,59,Customer Complaint
17,515178,2025-09-17,1016,250,29,Quality Issue
18,534305,2025-12-08,1006,490,36,Customer Complaint
19,512610,2025-02-04,1019,3,2,Wrong Shipment
20,512145,2025-11-27,1007,325,3,Quality Issue
21,506114,2026-01-13,1002,140,25,Customer Complaint
22,515909,2026-01-12,1003,435,3,Expired Product
23,500822,2025-03-20,1005,471,9,Wrong Shipment
24,515119,2025-12-22,1015,169,17,Damaged Product
25,513467,2025-08-09,1023,408,5,Damaged Product
26,526498,2025-12-07,1003,427,7,Wrong Shipment
27,542112,2026-02-07,1018,252,3,Customer Complaint
28,530189,2025-01-29,1011,8,8,Customer Complaint
29,537238,2026-01-21,1003,457,15,Expired Product
30,533110,2025-05-07,1013,396,18,Damaged Product
31,536481,2025-10-20,1015,325,52,Unknown
32,524149,2025-03-29,1009,408,1,Expired Product
33,505504,2025-07-07,1009,276,24,Damaged Product
34,503919,2025-03-10,1004,103,2,Quality Issue
35,538479,2025-06-28,1004,249,1,Quality Issue
36,521124,2025-07-22,1016,159,4,Customer Complaint
37,549718,2025-07-03,1008,53,29,Quality Issue
38,542295,2025-05-23,1002,335,2,Damaged Product
39,547610,2025-07-11,1015,190,10,Customer Complaint
40,511077,2025-10-08,1020,203,31,Expired Product
41,541515,2025-07-23,1006,471,11,Customer Complaint
42,522063,2025-06-15,1016,470,13,Wrong Shipment
43,509414,2025-06-12,1029,173,22,Damaged Product
44,538341,2025-03-21,1023,326,42,Expired Product
45,530264,2026-01-06,1006,495,3,Expired Product
46,541253,2025-04-29,1006,228,44,Quality Issue
47,514645,2025-10-04,1012,254,4,Expired Product
48,526336,2025-07-09,1022,114,14,Expired Product
49,528103,2025-08-05,1033,377,1,Quality Issue
50,517524,2025-02-25,1022,427,4,Damaged Product
51,524713,2025-06-03,1015,416,7,Quality Issue
52,540486,2025-03-01,1012,212,15,Expired Product
53,503851,2025-06-07,1011,468,1,Quality Issue
54,540041,2026-01-08,1005,215,30,Wrong Shipment
55,515268,2026-02-08,1001,469,3,Wrong Shipment
56,549147,2026-01-03,1015,406,23,Expired Product
57,530002,2025-07-29,1026,223,4,Expired Product
58,545927,2025-07-16,1027,428,34,Wrong Shipment
59,543825,2025-05-10,1003,378,34,Expired Product
60,517241,2025-07-29,1009,243,5,Wrong Shipment
61,504893,2025-11-15,1023,71,33,Customer Complaint
62,500726,2025-03-06,1007,410,1,Damaged Product
63,522950,2025-12-17,1018,417,25,Expired Product
64,534658,2026-01-02,1001,2,11,Wrong Shipment
65,537214,2025-07-06,1003,40,9,Damaged Product
66,520305,2025-05-30,1009,164,30,Damaged Product
67,515270,2026-01-21,1019,489,33,Damaged Product
68,522368,2025-03-23,1006,62,8,Customer Complaint
69,542685,2025-12-19,1005,420,12,Damaged Product
70,546735,2025-02-24,1006,462,21,Expired Product
71,511733,2025-07-02,1015,116,34,Wrong Shipment
72,518620,2025-09-28,1018,59,12,Expired Product
73,548493,2025-12-21,1004,37,7,Damaged Product
74,526804,2025-10-12,1020,220,23,Expired Product
75,544306,2025-05-22,1031,232,10,Customer Complaint
76,547523,2026-01-23,1016,313,34,Damaged Product
77,532208,2025-08-01,1006,88,1,Wrong Shipment
78,502531,2025-11-08,1013,434,5,Damaged Product
79,517747,2025-05-12,1004,458,3,Customer Complaint
80,508271,2025-10-11,1014,439,14,Expired Product
81,515080,2025-12-05,1015,112,20,Expired Product
82,513625,2025-11-23,1001,219,56,Damaged Product
83,530639,2025-03-21,1010,469,5,Quality Issue
84,530441,2025-03-25,1009,371,9,Expired Product
85,536057,2025-04-06,1027,156,24,Customer Complaint
86,542652,2025-06-22,1020,499,37,Quality Issue
87,536804,2025-04-18,1004,169,18,Customer Complaint
88,548225,2025-10-24,1004,310,32,Customer Complaint
89,529227,2025-11-13,1012,197,20,Wrong Shipment
90,505634,2025-11-27,1005,330,9,Quality Issue
91,505988,2025-07-29,1003,360,5,Quality Issue
92,548064,2025-12-25,1015,198,4,Damaged Product
93,501813,2025-11-30,1008,306,2,Wrong Shipment
94,527579,2026-01-07,1015,235,2,Expired Product
95,516824,2025-04-08,1022,182,4,Customer Complaint
96,503929,2025-10-09,1009,326,8,Quality Issue
97,537287,2025-10-09,1002,156,9,Wrong Shipment
98,525046,2025-01-27,1001,286,7,Wrong Shipment
99,515728,2025-08-31,1003,249,25,Damaged Product
100,529601,2025-04-08,1007,474,4,Quality Issue
101,510431,2025-12-26,1022,54,4,Quality Issue
102,525769,2025-11-14,1002,428,42,Damaged Product
103,529104,2025-05-21,1011,481,41,Expired Product
104,536538,2026-01-03,1011,74,2,Quality Issue
105,539329,2025-10-30,1005,338,1,Wrong Shipment
106,535540,2025-06-08,1009,334,67,Quality Issue
107,528076,2025-06-15,1032,194,14,Wrong Shipment
108,517841,2025-08-09,1005,339,4,Expired Product
109,527803,2025-02-17,1003,295,17,Damaged Product
110,507683,2026-01-24,1018,219,34,Wrong Shipment
111,524280,2025-12-25,1030,260,32,Customer Complaint
112,533071,2025-11-05,1011,120,2,Wrong Shipment
113,535558,2025-10-26,1017,94,25,Damaged Product
114,537190,2025-08-13,1006,134,29,Customer Complaint
115,547150,2026-01-24,1004,282,5,Expired Product
116,546916,2025-03-05,1016,151,12,Damaged Product
117,509802,2025-08-08,1002,119,1,Customer Complaint
118,538801,2025-04-08,1007,365,21,Damaged Product
119,524670,2025-06-11,1009,112,34,Damaged Product
120,544234,2025-09-08,1012,273,1,Damaged Product
121,531920,2026-01-12,1001,64,4,Expired Product
122,507135,2025-12-15,1028,232,18,Damaged Product
123,533705,2025-11-21,1007,260,20,Wrong Shipment
124,529661,2025-12-07,1020,292,34,Wrong Shipment
125,517894,2025-04-28,1017,33,1,Quality Issue
126,522019,2025-07-17,1013,334,11,Damaged Product
127,513539,2025-10-09,1013,257,17,Customer Complaint
128,543119,2025-11-19,1026,478,6,Quality Issue
129,536421,2025-03-28,1017,184,21,Quality Issue
130,509406,2025-12-03,1024,142,28,Damaged Product
131,513414,2025-01-13,1014,197,12,Customer Complaint
132,506721,2025-03-18,1001,477,33,Customer Complaint
133,515602,2025-05-14,1023,224,2,Damaged Product
134,544744,2025-03-26,1003,284,2,Wrong Shipment
135,531139,2025-05-19,1005,338,4,Damaged Product
136,502730,2025-06-07,1002,6,31,Quality Issue
137,538243,2025-07-10,1008,266,7,Quality Issue
138,529626,2025-09-13,1013,261,5,Customer Complaint
139,547895,2025-05-04,1007,200,25,Customer Complaint
140,542091,2025-10-03,1001,234,1,Expired Product
141,536400,2025-02-17,1009,482,1,Customer Complaint
142,506245,2025-02-15,1002,261,14,Customer Complaint
143,505546,2025-12-24,1024,25,43,Customer Complaint
144,504065,2025-10-09,1015,418,30,Wrong Shipment
145,512852,2025-03-11,1001,442,10,Customer Complaint
146,521803,2025-03-27,1020,155,4,Customer Complaint
147,541164,2025-11-21,1014,485,5,Customer Complaint
148,506233,2026-01-15,1025,348,9,Expired Product
149,503863,2025-01-27,1008,109,2,Quality Issue
150,535095,2025-04-18,1027,2,7,Wrong Shipment
151,540196,2025-10-28,1019,113,1,Customer Complaint
152,539251,2025-02-03,1015,195,6,Quality Issue
153,506218,2025-04-04,1008,226,3,Expired Product
154,536776,2025-12-11,1005,353,37,Quality Issue
155,542977,2025-11-07,1001,72,3,Expired Product
156,548468,2025-06-15,1003,256,7,Quality Issue
157,514832,2025-07-17,1014,329,1,Damaged Product
158,530093,2025-02-06,1010,405,20,Expired Product
159,508894,2025-06-15,1019,59,14,Quality Issue
160,506021,2025-10-19,1014,389,11,Damaged Product
161,546089,2025-04-29,1019,460,24,Quality Issue
162,515243,2025-06-22,1001,207,11,Damaged Product
163,545308,2025-05-23,1004,121,15,Damaged Product
164,526551,2025-02-20,1011,167,3,Customer Complaint
165,506035,2025-09-25,1027,334,35,Damaged Product
166,507906,2026-01-13,1011,144,10,Expired Product
167,532226,2025-12-02,1008,14,28,Customer Complaint
168,506018,2025-08-29,1004,283,11,Expired Product
169,521880,2025-10-28,1002,125,8,Expired Product
170,502792,2025-07-26,1025,284,13,Customer Complaint
171,542606,2025-12-26,1006,296,2,Quality Issue
172,505824,2026-01-27,1004,251,3,Customer Complaint
173,515388,2025-06-06,1033,229,34,Wrong Shipment
174,529562,2025-02-01,1016,160,60,Wrong Shipment
175,539476,2025-03-07,1003,152,4,Quality Issue
176,500293,2025-12-02,1009,396,24,Expired Product
177,516958,2025-04-21,1010,147,20,Customer Complaint
178,530861,2025-07-15,1016,364,37,Damaged Product
179,514074,2025-02-11,1001,284,25,Wrong Shipment
180,521857,2025-10-21,1002,122,1,Damaged Product
181,522080,2025-10-20,1033,207,21,Customer Complaint
182,517024,2025-06-04,1002,199,66,Damaged Product
183,508740,2025-10-02,1022,140,44,Damaged Product
184,515826,2025-06-08,1009,433,18,Wrong Shipment
185,502742,2025-02-03,1024,350,3,Quality Issue
186,518049,2025-03-04,1023,83,27,Quality Issue
187,549937,2025-03-19,1007,307,15,Quality Issue
188,517373,2025-05-27,1024,63,7,Wrong Shipment
189,522022,2025-08-12,1007,202,16,Damaged Product
190,546365,2025-10-26,1012,38,5,Expired Product
191,523538,2025-05-30,1026,323,15,Expired Product
192,545500,2025-12-17,1002,435,1,Damaged Product
193,540186,2025-03-22,1011,23,31,Customer Complaint
194,509614,2025-02-25,1016,481,8,Wrong Shipment
195,543282,2025-06-20,1022,164,31,Expired Product
196,537892,2025-10-20,1014,199,52,Damaged Product
197,526179,2025-08-07,1006,140,5,Damaged Product
198,545893,2025-04-26,1019,377,2,Damaged Product
199,520934,2025-06-16,1006,320,10,Quality Issue
200,540972,2025-02-22,1004,366,41,Quality Issue
201,522225,2025-09-29,1005,215,1,Quality Issue
202,524382,2025-09-08,1006,261,4,Customer Complaint
203,534856,2025-02-17,1006,149,23,Quality Issue
204,548578,2026-02-05,1018,45,50,Customer Complaint
205,538537,2025-09-23,1024,318,18,Expired Product
206,531756,2025-06-20,1010,34,1,Quality Issue
207,507754,2025-07-08,1028,255,19,Quality Issue
208,546639,2025-03-09,1004,264,24,Wrong Shipment
209,543835,2025-05-12,1005,265,8,Wrong Shipment
210,526236,2025-03-26,1006,42,9,Customer Complaint
211,544230,2025-08-12,1020,484,2,Damaged Product
212,549597,2025-03-08,1015,257,30,Wrong Shipment
213,518553,2025-08-14,1002,184,4,Damaged Product
214,543137,2025-12-02,1011,375,23,Damaged Product
215,536673,2026-01-01,1014,202,18,Customer Complaint
216,543650,2025-08-09,1002,203,27,Quality Issue
217,503941,2025-03-06,1019,400,27,Customer Complaint
218,531497,2025-12-18,1010,485,6,Quality Issue
219,526594,2025-04-29,1016,181,1,Customer Complaint
220,523922,2025-10-24,1002,149,12,Customer Complaint
221,526403,2025-03-26,1010,167,35,Expired Product
222,545943,2025-11-18,1013,60,26,Wrong Shipment
223,548526,2025-04-05,1017,81,22,Wrong Shipment
224,518316,2025-09-02,1002,368,23,Quality Issue
225,536894,2025-11-30,1001,435,5,Quality Issue
226,526696,2025-04-24,1011,365,14,Damaged Product
227,542128,2025-08-09,1008,28,59,Quality Issue
228,514171,2025-11-15,1003,346,5,Customer Complaint
229,503733,2025-04-01,1014,268,23,Quality Issue
230,507882,2025-06-19,1020,437,2,Expired Product
231,506017,2025-08-11,1005,67,23,Expired Product
232,523030,2025-03-13,1015,25,17,Customer Complaint
233,535474,2025-03-30,1010,182,1,Damaged Product
234,549686,2025-02-23,1005,130,28,Expired Product
235,504818,2025-10-16,1001,401,1,Wrong Shipment
236,541694,2025-07-25,1004,22,26,Wrong Shipment
237,512008,2026-01-05,1003,172,35,Damaged Product
238,541328,2025-08-29,1031,28,11,Customer Complaint
239,509507,2026-01-24,1022,45,30,Damaged Product
240,544799,2025-12-25,1015,217,3,Wrong Shipment
241,534063,2025-06-16,1015,290,24,Customer Complaint
242,527475,2025-12-13,1015,204,31,Expired Product
243,531144,2025-09-05,1002,374,9,Wrong Shipment
244,521236,2025-09-17,1029,25,9,Expired Product
245,501391,2025-10-31,1024,259,60,Damaged Product
246,538250,2025-10-24,1008,367,1,Wrong Shipment
247,537625,2025-04-30,1011,388,2,Wrong Shipment
248,542029,2025-10-02,1027,353,25,Quality Issue
249,520835,2025-02-24,1015,438,10,Damaged Product
250,514758,2025-08-29,1007,194,13,Expired Product
251,526397,2025-11-25,1014,25,34,Damaged Product
252,506809,2025-03-20,1014,228,21,Wrong Shipment
253,509226,2025-04-14,1009,293,21,Quality Issue
254,548395,2025-09-20,1012,351,19,Expired Product
255,505396,2025-03-24,1001,30,5,Wrong Shipment
256,506944,2025-02-09,1016,403,12,Customer Complaint
257,523871,2025-05-26,1020,1,46,Customer Complaint
258,532493,2025-12-14,1001,402,4,Customer Complaint
259,536346,2025-11-14,1011,405,23,Expired Product
260,510756,2025-08-11,1033,306,2,Damaged Product
261,512302,2025-05-11,1006,349,2,Quality Issue
262,548387,2025-06-27,1002,268,11,Wrong Shipment
263,542746,2026-01-14,1004,405,28,Expired Product
264,529090,2025-09-26,1019,329,1,Quality Issue
265,544713,2025-06-05,1024,234,30,Quality Issue
266,514344,2025-03-26,1009,275,21,Customer Complaint
267,538173,2025-07-21,1015,45,40,Expired Product
268,505072,2025-01-27,1003,16,3,Wrong Shipment
269,524122,2025-08-05,1011,245,3,Customer Complaint
270,548810,2025-12-19,1005,103,4,Customer Complaint
271,517821,2025-04-19,1003,235,4,Customer Complaint
272,501123,2025-07-22,1025,361,19,Quality Issue
273,511265,2025-10-15,1016,219,20,Customer Complaint
274,530580,2025-07-07,1007,474,2,Quality Issue
275,545465,2025-07-30,1014,137,16,Wrong Shipment
276,548217,2025-10-09,1015,224,2,Quality Issue
277,543045,2026-01-17,1027,413,24,Wrong Shipment
278,515657,2025-04-22,1016,42,12,Damaged Product
279,501901,2025-07-20,1007,73,1,Customer Complaint
280,500148,2025-04-26,1018,165,6,Wrong Shipment
281,529643,2025-10-09,1009,295,4,Damaged Product
282,503212,2025-10-29,1007,218,32,Wrong Shipment
283,543851,2025-03-02,1028,448,11,Wrong Shipment
284,502355,2025-09-12,1010,322,7,Damaged Product
285,531521,2025-03-31,1002,48,2,Quality Issue
286,542584,2025-09-15,1015,349,5,Quality Issue
287,543338,2025-10-29,1023,286,28,Customer Complaint
288,545285,2025-02-13,1012,239,28,Quality Issue
289,546957,2025-10-03,1008,400,8,Wrong Shipment
290,548791,2025-04-06,1006,393,1,Expired Product
291,536586,2026-01-28,1014,33,6,Customer Complaint
292,510466,2025-03-18,1016,100,5,Quality Issue
293,507822,2026-01-17,1002,494,29,Expired Product
294,507206,2025-01-16,1005,136,24,Quality Issue
295,506414,2025-07-25,1013,163,6,Quality Issue
296,534047,2025-06-22,1005,374,24,Expired Product
297,512729,2025-05-28,1033,478,4,Quality Issue
298,506926,2025-05-03,1006,268,4,Quality Issue
299,527996,2025-03-04,1014,162,20,Wrong Shipment
300,537613,2025-03-27,1003,440,15,Customer Complaint
301,539484,2025-10-23,1008,90,3,Customer Complaint
302,503017,2026-01-02,1004,251,2,Wrong Shipment
303,501641,2025-03-27,1028,310,15,Customer Complaint
304,508884,2026-01-07,1005,354,3,Customer Complaint
305,537602,2025-08-03,1008,405,22,Customer Complaint
306,512970,2025-07-25,1022,21,4,Quality Issue
307,523464,2025-05-21,1004,423,10,Expired Product
308,515758,2025-10-03,1016,153,18,Damaged Product
309,544077,2025-10-22,1017,115,9,Wrong Shipment
310,504087,2025-05-09,1023,142,28,Wrong Shipment
311,500509,2025-09-16,1019,278,47,Quality Issue
312,506355,2025-05-03,1020,346,18,Wrong Shipment
313,529645,2025-05-09,1007,284,2,Quality Issue
314,520816,2025-03-18,1001,261,5,Wrong Shipment
315,506235,2025-11-11,1024,351,23,Damaged Product
316,531990,2025-02-15,1014,415,1,Expired Product
317,512996,2025-03-27,1002,309,29,Quality Issue
318,542502,2025-02-18,1008,132,34,Quality Issue
319,538921,2025-01-18,1003,37,19,Customer Complaint
320,500263,2025-11-27,1002,176,17,Expired Product
321,507892,2025-03-08,1024,324,42,Quality Issue
322,510528,2025-06-11,1014,279,6,Customer Complaint
323,518601,2025-09-29,1008,447,9,Expired Product
324,524115,2025-07-13,1031,366,21,Customer Complaint
325,533499,2025-06-10,1014,304,13,Expired Product
326,513472,2025-05-07,1016,155,7,Customer Complaint
327,531726,2025-11-25,1007,485,2,Damaged Product
328,523691,2025-03-19,1012,399,11,Customer Complaint
329,510558,2025-11-15,1030,161,13,Quality Issue
330,506557,2025-08-25,1005,400,25,Expired Product
331,545578,2025-04-24,1012,43,4,Damaged Product
332,541504,2025-06-25,1017,3,6,Damaged Product
333,527873,2025-02-05,1028,371,12,Customer Complaint
334,510811,2025-03-14,1016,313,7,Quality Issue
335,538215,2025-09-09,1012,478,3,Wrong Shipment
336,511731,2025-02-20,1010,8,36,Damaged Product
337,527439,2025-05-29,1004,112,17,Damaged Product
338,521780,2025-02-22,1001,371,24,Customer Complaint
339,534080,2025-09-21,1013,393,3,Expired Product
340,522916,2025-07-30,1009,258,38,Wrong Shipment
341,508086,2025-06-15,1008,85,30,Expired Product
342,543468,2025-03-20,1020,395,22,Customer Complaint
343,514710,2025-11-24,1024,276,9,Customer Complaint
344,515467,2025-12-25,1007,259,23,Damaged Product
345,537173,2025-10-27,1010,148,14,Wrong Shipment
346,528749,2025-10-14,1009,247,9,Quality Issue
347,503105,2025-01-20,1018,217,1,Damaged Product
348,500709,2025-08-11,1014,223,12,Wrong Shipment
349,538386,2025-09-28,1011,161,1,Wrong Shipment
350,523445,2025-09-09,1002,469,6,Expired Product
351,526511,2025-08-04,1004,449,23,Damaged Product
352,508467,2025-11-07,1014,195,8,Damaged Product
353,506231,2025-02-18,1023,134,17,Expired Product
354,546359,2025-02-15,1013,300,6,Expired Product
355,539358,2026-01-08,1028,309,24,Quality Issue
356,516387,2025-03-04,1026,315,19,Quality Issue
357,534166,2025-10-29,1002,418,22,Damaged Product
358,504169,2025-05-25,1007,21,18,Wrong Shipment
359,505804,2025-12-07,1011,202,5,Damaged Product
360,512754,2025-10-30,1013,223,24,Customer Complaint
361,502190,2025-07-14,1015,243,45,Quality Issue
362,512188,2025-08-11,1004,463,15,Damaged Product
363,531728,2025-08-17,1009,400,1,Customer Complaint
364,519246,2025-12-11,1014,469,1,Damaged Product
365,537867,2026-01-18,1032,316,22,Wrong Shipment
366,543515,2025-12-01,1013,97,5,Damaged Product
367,508719,2025-12-23,1027,109,4,Customer Complaint
368,528825,2025-02-19,1013,463,51,Damaged Product
369,524469,2025-06-23,1011,19,34,Expired Product
370,548253,2025-11-28,1011,420,31,Damaged Product
371,507202,2025-10-09,1007,390,25,Customer Complaint
372,509283,2025-02-18,1003,320,21,Customer Complaint
373,526821,2025-10-04,1015,53,22,Quality Issue
374,527374,2025-06-28,1005,311,31,Expired Product
375,522493,2025-05-06,1031,47,21,Wrong Shipment
376,545638,2025-09-28,1004,198,3,Quality Issue
377,545880,2025-01-26,1016,148,21,Customer Complaint
378,529340,2026-01-06,1007,115,13,Quality Issue
379,546548,2025-11-26,1004,62,20,Damaged Product
380,510804,2025-12-27,1013,294,4,Quality Issue
381,520965,2025-10-24,1014,85,61,Wrong Shipment
382,530033,2025-12-21,1012,294,2,Expired Product
383,505223,2025-03-08,1002,254,3,Expired Product
384,500660,2025-05-05,1028,478,1,Expired Product
385,533246,2025-06-08,1020,232,7,Quality Issue
386,505866,2026-01-17,1001,474,1,Customer Complaint
387,548872,2025-10-24,1022,400,18,Quality Issue
388,522986,2025-03-28,1005,431,2,Expired Product
389,528881,2025-10-01,1034,299,2,Wrong Shipment
390,547088,2025-07-20,1005,34,2,Quality Issue
391,526528,2025-10-17,1004,91,30,Quality Issue
392,509648,2025-11-23,1011,85,5,Customer Complaint
393,549546,2025-12-30,1019,88,38,Damaged Product
394,532375,2025-06-28,1007,83,36,Customer Complaint
395,526159,2025-07-08,1007,165,1,Damaged Product
396,511712,2025-07-17,1007,432,2,Damaged Product
397,527239,2025-07-09,1015,367,2,Customer Complaint
398,518354,2025-09-14,1002,21,13,Quality Issue
399,549515,2025-03-16,1006,422,4,Damaged Product
400,521725,2025-12-16,1011,108,19,Wrong Shipment
401,525925,2025-12-10,1011,37,3,Expired Product
402,541390,2025-09-28,1001,76,2,Wrong Shipment
403,504773,2025-06-01,1034,84,8,Damaged Product
404,535205,2025-12-01,1031,377,2,Quality Issue
405,527879,2025-10-20,1012,367,6,Expired Product
406,505875,2025-09-11,1006,79,5,Damaged Product
407,517805,2025-03-28,1016,450,4,Expired Product
408,534224,2025-09-05,1002,488,3,Wrong Shipment
409,507842,2025-09-11,1009,69,2,Wrong Shipment
410,515923,2025-08-03,1015,7,15,Customer Complaint
411,528367,2025-09-08,1004,181,1,Customer Complaint
412,512084,2025-09-04,1004,134,5,Damaged Product
413,520034,2025-12-20,1007,498,1,Damaged Product
414,514488,2025-08-11,1007,361,16,Wrong Shipment
415,520819,2025-04-22,1009,223,3,Damaged Product
416,537518,2025-05-13,1004,144,40,Expired Product
417,544236,2025-10-17,1008,386,3,Damaged Product
418,548651,2025-04-18,1009,127,3,Customer Complaint
419,536236,2025-08-22,1020,339,23,Customer Complaint
420,521070,2025-03-03,1002,38,6,Quality Issue
421,509524,2025-04-27,1026,156,7,Quality Issue
422,532756,2026-01-06,1002,300,38,Quality Issue
423,512054,2026-01-21,1026,251,1,Expired Product
424,523594,2025-01-18,1001,391,15,Customer Complaint
425,508038,2025-02-03,1010,375,17,Damaged Product
426,546977,2025-02-10,1027,241,26,Quality Issue
427,516400,2025-07-17,1008,167,36,Quality Issue
428,545786,2025-09-25,1020,161,3,Wrong Shipment
429,534616,2025-06-29,1013,97,1,Customer Complaint
430,507625,2025-09-24,1010,442,12,Expired Product
431,513662,2025-10-28,1017,291,2,Wrong Shipment
432,537737,2025-08-29,1009,385,2,Customer Complaint
433,526542,2026-01-29,1016,496,1,Damaged Product
434,513268,2025-03-02,1010,174,27,Quality Issue
435,518083,2025-03-15,1028,472,27,Wrong Shipment
436,548086,2025-11-05,1003,11,8,Expired Product
437,542768,2025-04-26,1001,191,50,Expired Product
438,504071,2025-10-13,1028,175,14,Expired Product
439,516287,2025-06-27,1005,138,2,Customer Complaint
440,501119,2025-05-29,1011,140,23,Customer Complaint
441,510075,2025-04-04,1004,148,1,Wrong Shipment
442,511374,2025-10-14,1016,411,27,Damaged Product
443,532685,2025-06-17,1010,297,4,Damaged Product
444,546434,2025-10-26,1003,26,2,Wrong Shipment
445,525350,2026-01-09,1026,464,25,Expired Product
446,506716,2026-01-18,1005,398,1,Expired Product
447,534568,2025-12-11,1015,196,22,Damaged Product
448,501031,2025-11-10,1005,27,33,Wrong Shipment
449,522754,2025-09-01,1010,10,35,Expired Product
450,511762,2025-07-14,1002,80,8,Quality Issue
451,535897,2025-09-29,1003,21,33,Expired Product
452,514493,2025-10-17,1012,382,24,Expired Product
453,525086,2025-10-03,1016,246,3,Damaged Product
454,520396,2025-06-14,1003,219,34,Customer Complaint
455,504814,2026-02-02,1012,355,10,Wrong Shipment
456,508995,2025-07-10,1022,47,21,Damaged Product
457,549692,2025-08-23,1002,300,3,Damaged Product
458,521375,2025-06-04,1014,109,5,Quality Issue
459,530243,2026-01-05,1027,101,3,Wrong Shipment
460,547579,2025-09-11,1014,31,11,Customer Complaint
461,501165,2025-10-14,1009,348,20,Wrong Shipment
462,524811,2025-02-22,1026,52,16,Customer Complaint
463,521110,2025-11-19,1018,191,3,Customer Complaint
464,503698,2025-04-30,1005,325,16,Quality Issue
465,511439,2025-04-04,1009,287,3,Customer Complaint
466,504470,2025-08-23,1016,423,38,Damaged Product
467,509808,2025-02-11,1003,359,5,Damaged Product
468,547768,2025-03-31,1006,440,10,Damaged Product
469,506749,2025-04-07,1020,58,45,Quality Issue
470,549185,2025-04-20,1012,418,23,Wrong Shipment
471,517379,2025-06-15,1008,440,8,Customer Complaint
472,536885,2025-06-06,1012,70,30,Expired Product
473,513357,2025-11-28,1012,386,8,Wrong Shipment
474,532405,2025-02-17,1027,35,2,Expired Product
475,542455,2025-02-22,1029,366,3,Wrong Shipment
476,546066,2025-09-23,1009,212,22,Customer Complaint
477,511539,2026-01-22,1010,183,13,Wrong Shipment
478,502009,2025-01-11,1022,300,2,Wrong Shipment
479,503222,2025-01-10,1014,99,1,Expired Product
480,544997,2025-04-27,1016,488,5,Damaged Product
481,518763,2025-09-29,1008,425,14,Wrong Shipment
482,514166,2025-11-07,1004,172,4,Wrong Shipment
483,540684,2025-03-05,1006,300,5,Damaged Product
484,525081,2026-01-07,1001,75,1,Expired Product
485,501823,2025-03-27,1020,288,15,Wrong Shipment
486,544662,2025-09-15,1004,5,21,Customer Complaint
487,506849,2025-12-09,1013,476,2,Quality Issue
488,512636,2025-07-31,1002,232,8,Customer Complaint
489,537669,2025-03-31,1012,113,3,Customer Complaint
490,506096,2025-07-18,1007,448,2,Quality Issue
491,539249,2025-08-02,1022,205,1,Damaged Product
492,510578,2025-12-22,1008,142,11,Customer Complaint
493,531075,2025-03-14,1006,285,12,Quality Issue
494,529113,2025-09-04,1012,37,7,Wrong Shipment
495,510193,2025-12-06,1024,272,17,Wrong Shipment
496,500315,2025-01-18,1010,420,46,Expired Product
497,511450,2025-08-13,1011,35,2,Damaged Product
498,530746,2025-06-05,1011,180,11,Damaged Product
499,529703,2025-05-12,1015,290,15,Wrong Shipment
500,527659,2025-09-06,1003,161,1,Quality Issue
501,523686,2025-06-25,1004,83,62,Wrong Shipment
502,528376,2025-09-05,1019,80,48,Expired Product
503,503086,2026-01-01,1007,416,16,Expired Product
504,549372,2025-06-02,1003,265,37,Expired Product
505,503752,2025-06-02,1010,300,1,Expired Product
506,505049,2025-05-09,1005,403,2,Quality Issue
507,529187,2026-01-20,1020,271,3,Expired Product
508,530709,2025-05-14,1016,235,1,Customer Complaint
509,520147,2025-08-16,1014,270,13,Wrong Shipment
510,532250,2025-12-29,1016,356,8,Wrong Shipment
511,504970,2025-04-17,1015,393,3,Wrong Shipment
512,530526,2025-11-30,1006,151,4,Wrong Shipment
513,518495,2025-05-27,1003,499,8,Wrong Shipment
514,538065,2025-02-13,1029,32,20,Expired Product
515,541837,2025-07-09,1011,429,22,Wrong Shipment
516,532753,2025-11-02,1006,43,1,Quality Issue
517,520074,2025-04-05,1011,176,16,Customer Complaint
518,526274,2026-02-02,1007,163,29,Damaged Product
519,513650,2025-06-09,1013,489,6,Damaged Product
520,525534,2025-10-01,1003,458,1,Expired Product
521,517522,2025-08-06,1004,113,1,Damaged Product
522,525481,2025-08-14,1023,165,1,Wrong Shipment
523,548235,2025-10-31,1013,206,4,Wrong Shipment
524,548788,2025-07-06,1020,417,29,Quality Issue
525,532390,2025-01-28,1012,240,24,Quality Issue
526,505087,2025-09-30,1010,285,14,Damaged Product
527,517253,2025-10-16,1017,408,3,Expired Product
528,504040,2025-07-27,1016,343,4,Damaged Product
529,518387,2025-04-09,1003,163,11,Wrong Shipment
530,504247,2025-09-25,1020,105,1,Expired Product
531,518628,2025-11-09,1010,383,25,Customer Complaint
532,500880,2025-11-16,1014,359,28,Customer Complaint
533,523299,2026-01-13,1016,49,18,Wrong Shipment
534,529753,2025-08-10,1023,214,7,Customer Complaint
535,530173,2025-10-06,1002,164,5,Damaged Product
536,528560,2025-01-29,1010,348,35,Wrong Shipment
537,518864,2025-12-04,1009,426,23,Expired Product
538,543344,2025-12-04,1003,104,34,Wrong Shipment
539,534211,2025-10-25,1014,285,9,Wrong Shipment
540,526084,2025-09-30,1010,238,34,Expired Product
541,501942,2025-07-11,1003,77,8,Damaged Product
542,522226,2025-03-01,1022,51,1,Expired Product
543,544692,2025-06-13,1008,393,4,Quality Issue
544,543240,2025-09-20,1008,133,11,Damaged Product
545,523860,2025-06-26,1014,397,7,Quality Issue
546,514159,2025-04-03,1010,457,10,Wrong Shipment
547,533876,2026-01-08,1033,123,4,Quality Issue
548,548105,2025-08-25,1016,49,4,Wrong Shipment
549,523450,2025-05-16,1015,171,5,Damaged Product
550,506624,2025-05-01,1011,213,43,Damaged Product
551,538265,2025-12-05,1027,192,11,Expired Product
552,526242,2025-10-03,1016,233,39,Quality Issue
553,547592,2025-04-11,1018,75,7,Customer Complaint
554,524156,2025-03-11,1020,192,17,Wrong Shipment
555,532059,2025-05-08,1019,78,3,Customer Complaint
556,509332,2025-02-11,1030,311,6,Wrong Shipment
557,543565,2025-11-15,1015,336,12,Quality Issue
558,503494,2025-02-23,1004,262,5,Expired Product
559,504879,2025-06-11,1004,21,1,Customer Complaint
560,547063,2025-02-21,1005,300,2,Customer Complaint
561,500999,2025-03-03,1031,468,3,Customer Complaint
562,537087,2025-04-14,1003,27,17,Quality Issue
563,536438,2025-10-13,1027,275,23,Quality Issue
564,534750,2025-04-17,1025,227,17,Expired Product
565,528617,2025-05-18,1004,104,49,Quality Issue
566,537096,2025-05-27,1001,157,12,Wrong Shipment
567,522811,2025-04-19,1010,272,34,Quality Issue
568,507143,2025-05-28,1011,306,2,Quality Issue
569,521559,2025-03-18,1020,262,2,Expired Product
570,509936,2025-06-07,1002,374,10,Wrong Shipment
571,504789,2025-07-29,1016,82,29,Expired Product
572,530511,2025-11-15,1015,161,18,Damaged Product
573,531190,2025-06-07,1007,428,9,Wrong Shipment
574,520084,2025-05-07,1023,92,20,Damaged Product
575,510824,2025-07-06,1017,174,10,Quality Issue
576,500673,2025-04-09,1008,5,21,Customer Complaint
577,515595,2025-02-14,1010,252,5,Customer Complaint
578,543049,2025-03-20,1003,239,44,Expired Product
579,521912,2025-07-19,1007,64,2,Expired Product
580,511869,2025-08-07,1009,25,42,Expired Product
581,534691,2025-07-13,1008,10,30,Wrong Shipment
582,511322,2025-10-30,1017,279,43,Quality Issue
583,544212,2025-11-03,1020,332,15,Expired Product
584,524615,2025-03-16,1012,20,27,Customer Complaint
585,512006,2025-05-03,1011,259,32,Quality Issue
586,503940,2025-02-03,1024,59,10,Wrong Shipment
587,504614,2025-02-26,1001,482,4,Quality Issue
588,536760,2025-02-14,1001,488,2,Customer Complaint
589,531459,2025-11-09,1013,295,13,Wrong Shipment
590,544953,2026-01-04,1018,451,6,Damaged Product
591,504348,2025-05-23,1014,145,13,Expired Product
592,539328,2025-07-12,1019,114,26,Expired Product
593,549923,2025-08-30,1016,406,12,Damaged Product
594,522394,2025-04-26,1020,372,6,Damaged Product
595,503157,2025-08-06,1005,372,2,Damaged Product
596,529918,2025-09-07,1006,307,11,Quality Issue
597,537224,2025-05-23,1010,267,14,Damaged Product
598,513479,2025-10-25,1007,348,2,Damaged Product
599,513872,2025-08-26,1003,174,2,Wrong Shipment
600,538556,2025-04-16,1007,268,12,Quality Issue
601,525330,2025-09-17,1009,108,8,Customer Complaint
602,544685,2025-04-12,1028,485,2,Damaged Product
603,500986,2025-05-04,1013,313,10,Quality Issue
604,537140,2025-12-21,1018,142,33,Quality Issue
605,535034,2025-11-28,1004,118,1,Expired Product
606,523731,2025-04-13,1001,38,1,Expired Product
607,507531,2025-04-30,1030,210,24,Customer Complaint
608,544395,2025-01-30,1010,473,16,Wrong Shipment
609,532949,2025-03-24,1013,443,1,Customer Complaint
610,530878,2025-06-17,1019,87,13,Wrong Shipment
611,529931,2025-05-15,1012,316,24,Quality Issue
612,523416,2025-04-22,1003,317,11,Customer Complaint
613,506060,2025-03-15,1015,408,2,Quality Issue
614,523680,2025-10-26,1004,379,30,Expired Product
615,515941,2025-03-17,1013,457,6,Customer Complaint
616,506949,2025-05-09,1019,153,4,Quality Issue
617,530096,2025-04-23,1022,379,44,Customer Complaint
618,541340,2025-11-20,1010,69,4,Customer Complaint
619,549599,2025-05-17,1005,300,5,Quality Issue
620,533184,2025-08-24,1005,280,31,Damaged Product
621,516581,2025-12-18,1009,428,26,Expired Product
622,501389,2025-04-13,1003,416,36,Damaged Product
623,521351,2025-08-28,1023,62,8,Damaged Product
624,549751,2025-02-17,1007,79,19,Customer Complaint
625,534432,2025-10-13,1019,304,9,Customer Complaint
626,524455,2025-05-06,1005,305,19,Expired Product
627,540360,2025-11-25,1008,296,4,Customer Complaint
628,518578,2025-08-23,1023,33,2,Expired Product
629,533452,2025-05-24,1005,98,3,Quality Issue
630,547853,2025-05-15,1009,389,23,Expired Product
631,500005,2025-12-23,1008,46,1,Expired Product
632,529183,2025-03-12,1015,120,6,Customer Complaint
633,508231,2025-02-22,1014,380,13,Expired Product
634,505947,2025-07-16,1008,499,7,Customer Complaint
635,507823,2025-07-15,1010,316,24,Customer Complaint
636,519487,2025-06-11,1016,200,9,Expired Product
637,515385,2025-04-27,1017,302,22,Damaged Product
638,541100,2025-03-15,1020,286,12,Expired Product
639,518184,2026-01-03,1018,408,2,Quality Issue
640,527162,2025-12-23,1015,43,3,Wrong Shipment
641,511646,2025-03-18,1009,79,2,Customer Complaint
642,524391,2025-02-20,1013,318,23,Quality Issue
643,504851,2025-03-24,1001,145,42,Wrong Shipment
644,547436,2025-11-21,1008,44,5,Customer Complaint
645,542207,2025-05-04,1007,452,7,Damaged Product
646,545341,2025-12-29,1014,358,12,Damaged Product
647,528170,2025-12-21,1005,24,8,Wrong Shipment
648,503420,2025-12-19,1003,390,20,Wrong Shipment
649,542591,2025-07-07,1006,19,14,Quality Issue
650,538735,2025-08-10,1019,211,27,Expired Product
651,536720,2025-08-11,1016,235,6,Damaged Product
652,529498,2025-12-19,1017,74,1,Wrong Shipment
653,504363,2025-04-17,1033,55,64,Wrong Shipment
654,504029,2025-06-09,1004,338,3,Quality Issue
655,503427,2025-09-18,1014,454,2,Customer Complaint
656,520269,2025-12-22,1007,383,35,Wrong Shipment
657,520058,2025-02-27,1019,56,7,Customer Complaint
658,511479,2025-03-01,1013,31,1,Quality Issue
659,547945,2025-12-07,1009,247,4,Customer Complaint
660,529393,2026-02-01,1002,89,1,Quality Issue
661,529047,2025-07-11,1005,108,62,Customer Complaint
662,508565,2025-01-26,1001,322,22,Quality Issue
663,539507,2025-12-02,1014,431,1,Expired Product
664,549805,2025-09-03,1020,474,4,Expired Product
665,525450,2025-09-04,1015,296,3,Wrong Shipment
666,534922,2025-10-07,1014,70,31,Expired Product
667,530478,2025-10-09,1001,101,1,Damaged Product
668,513520,2026-01-10,1008,33,1,Damaged Product
669,534008,2025-10-16,1002,458,6,Damaged Product
670,521316,2025-07-08,1015,422,34,Wrong Shipment
671,542425,2025-06-01,1024,245,34,Damaged Product
672,548901,2025-12-12,1010,404,5,Customer Complaint
673,547633,2025-09-02,1012,134,21,Wrong Shipment
674,549789,2025-03-07,1011,469,21,Expired Product
675,544232,2025-02-21,1012,247,8,Customer Complaint
676,510724,2025-02-26,1010,241,14,Damaged Product
677,513155,2026-01-26,1024,14,16,Quality Issue
678,513763,2025-04-09,1027,224,26,Damaged Product
679,542812,2025-09-01,1008,293,7,Expired Product
680,530804,2025-09-21,1007,245,41,Expired Product
681,536261,2025-02-08,1022,377,3,Expired Product
682,521437,2026-01-05,1022,359,1,Damaged Product
683,525971,2025-09-20,1031,104,1,Wrong Shipment
684,532204,2025-05-30,1001,388,7,Quality Issue
685,507181,2025-04-08,1022,494,24,Quality Issue
686,541281,2025-09-17,1007,138,1,Expired Product
687,528087,2025-03-08,1009,359,45,Expired Product
688,513702,2025-08-22,1016,286,2,Wrong Shipment
689,501004,2025-09-12,1004,59,12,Wrong Shipment
690,509059,2025-09-26,1008,86,6,Damaged Product
691,544235,2025-12-26,1010,449,12,Wrong Shipment
692,525675,2025-08-18,1008,24,37,Customer Complaint
693,545056,2025-10-01,1020,98,8,Customer Complaint
694,535144,2026-01-12,1018,457,43,Expired Product
695,538163,2025-05-29,1007,82,13,Customer Complaint
696,522477,2025-09-25,1004,328,18,Customer Complaint
697,523007,2025-01-22,1004,278,31,Quality Issue
698,545344,2025-10-30,1018,161,3,Quality Issue
699,536128,2025-06-28,1012,187,3,Damaged Product
700,549710,2025-06-14,1015,367,1,Damaged Product
701,513099,2025-03-10,1002,96,14,Quality Issue
702,537196,2025-03-10,1005,190,36,Expired Product
703,504108,2025-09-04,1002,8,3,Damaged Product
704,541336,2025-04-15,1015,483,22,Wrong Shipment
705,525223,2025-12-30,1016,141,14,Expired Product
706,535840,2025-06-28,1002,367,7,Wrong Shipment
707,529719,2026-01-07,1030,188,15,Customer Complaint
708,546953,2025-12-03,1008,496,1,Customer Complaint
709,529828,2025-12-31,1006,397,2,Quality Issue
710,517543,2025-07-09,1023,479,2,Wrong Shipment
711,524916,2026-01-01,1009,448,7,Damaged Product
712,504514,2025-06-21,1013,139,5,Expired Product
713,519937,2025-04-20,1020,203,1,Damaged Product
714,546525,2026-01-09,1010,384,2,Customer Complaint
715,524511,2025-06-23,1019,227,4,Wrong Shipment
716,527442,2025-11-15,1003,167,23,Quality Issue
717,512002,2025-02-27,1007,470,33,Wrong Shipment
718,523354,2026-01-11,1008,112,12,Customer Complaint
719,527293,2025-08-24,1019,18,12,Customer Complaint
720,534204,2025-07-31,1009,121,5,Expired Product
721,512148,2026-01-18,1018,175,24,Customer Complaint
722,515292,2025-11-01,1015,314,6,Wrong Shipment
723,546880,2025-11-06,1020,433,35,Expired Product
724,508691,2025-07-07,1004,240,3,Customer Complaint
725,512654,2025-08-23,1005,275,9,Customer Complaint
726,531470,2025-12-01,1010,238,32,Wrong Shipment
727,502955,2025-05-03,1016,14,7,Customer Complaint
728,503004,2025-05-19,1033,332,23,Damaged Product
729,515814,2026-01-13,1018,185,17,Expired Product
730,506657,2025-12-09,1013,92,6,Damaged Product
731,512774,2025-10-30,1018,311,12,Wrong Shipment
732,539531,2026-01-11,1010,361,6,Wrong Shipment
733,534408,2025-02-08,1013,331,6,Customer Complaint
734,508837,2025-08-08,1008,117,1,Wrong Shipment
735,514618,2025-07-21,1003,484,15,Quality Issue
736,522836,2025-02-01,1014,329,1,Damaged Product
737,515981,2026-01-30,1031,75,3,Expired Product
738,537916,2025-11-17,1019,336,33,Wrong Shipment
739,501571,2025-06-02,1008,30,3,Damaged Product
740,535908,2025-05-09,1022,319,9,Quality Issue
741,526090,2025-09-25,1002,323,8,Wrong Shipment
742,520914,2025-12-20,1001,232,19,Wrong Shipment
743,509958,2026-01-18,1004,322,12,Damaged Product
744,518276,2025-06-27,1015,229,5,Expired Product
745,515432,2025-10-13,1020,417,79,Wrong Shipment
746,523494,2025-04-22,1013,253,4,Expired Product
747,515790,2025-10-15,1025,233,19,Customer Complaint
748,535780,2025-03-15,1010,258,62,Wrong Shipment
749,511981,2025-04-22,1011,398,15,Wrong Shipment
750,544906,2025-11-11,1007,381,2,Quality Issue
751,535763,2025-12-19,1013,279,3,Customer Complaint
752,527093,2025-10-25,1026,249,10,Quality Issue
753,546835,2025-07-17,1015,56,33,Damaged Product
754,533438,2026-01-03,1004,436,3,Expired Product
755,547381,2025-02-21,1022,384,1,Damaged Product
756,501591,2026-01-28,1012,80,9,Expired Product
757,526756,2025-12-30,1023,6,23,Quality Issue
758,521759,2025-09-24,1012,493,6,Customer Complaint
759,503002,2025-07-18,1034,47,1,Quality Issue
760,544112,2025-12-25,1007,11,1,Expired Product
761,543520,2025-02-25,1005,269,54,Quality Issue
762,500629,2026-01-26,1004,257,12,Quality Issue
763,520737,2025-02-10,1015,109,2,Expired Product
764,511903,2025-11-24,1002,40,13,Quality Issue
765,506367,2025-05-02,1034,124,5,Quality Issue
766,517133,2025-11-10,1007,143,5,Damaged Product
767,509479,2025-05-25,1026,297,3,Wrong Shipment
768,541871,2025-01-23,1005,299,1,Expired Product
769,512933,2025-04-19,1008,69,2,Damaged Product
770,513642,2025-08-13,1022,49,4,Quality Issue
771,519627,2025-12-19,1033,396,24,Expired Product
772,509952,2025-07-22,1014,153,12,Expired Product
773,528963,2026-01-06,1006,175,30,Expired Product
774,528446,2025-07-28,1004,72,1,Wrong Shipment
775,519699,2025-02-05,1007,111,11,Expired Product
776,544224,2025-01-28,1018,64,4,Damaged Product
777,502997,2025-02-22,1013,138,2,Quality Issue
778,513638,2025-05-13,1027,428,75,Damaged Product
779,522471,2025-03-27,1028,490,58,Damaged Product
780,536087,2025-02-24,1026,31,4,Quality Issue
781,528918,2025-08-08,1004,34,3,Wrong Shipment
782,517650,2025-08-29,1011,249,23,Expired Product
783,527956,2025-09-15,1010,473,10,Wrong Shipment
784,502855,2025-06-12,1027,104,3,Damaged Product
785,513390,2025-11-01,1006,248,17,Wrong Shipment
786,513049,2025-08-04,1010,446,24,Wrong Shipment
787,522333,2025-12-16,1005,331,35,Damaged Product
788,530578,2025-05-23,1011,266,11,Customer Complaint
789,534735,2025-10-26,1006,133,2,Wrong Shipment
790,519539,2026-01-11,1022,399,38,Expired Product
791,539587,2025-04-15,1022,79,11,Customer Complaint
792,505573,2025-06-25,1004,426,21,Quality Issue
793,547751,2025-01-28,1020,263,1,Damaged Product
794,530964,2025-09-16,1023,309,2,Customer Complaint
795,535496,2025-04-04,1007,420,9,Customer Complaint
796,520263,2025-03-26,1019,67,2,Wrong Shipment
797,544660,2025-08-21,1011,198,3,Wrong Shipment
798,521746,2025-12-15,1002,145,1,Expired Product
799,547249,2025-02-16,1026,180,19,Expired Product
800,536228,2025-06-11,1018,36,3,Damaged Product
801,528787,2025-10-22,1009,137,18,Expired Product
802,535620,2025-05-20,1018,243,9,Quality Issue
803,546000,2025-11-15,1011,308,31,Damaged Product
804,549513,2025-10-24,1007,434,3,Customer Complaint
805,544515,2025-03-07,1020,56,59,Customer Complaint
806,528684,2025-10-25,1010,228,28,Wrong Shipment
807,531549,2025-12-10,1010,186,30,Expired Product
808,531965,2025-11-08,1015,265,10,Wrong Shipment
809,509434,2025-05-08,1016,13,3,Customer Complaint
810,522374,2025-03-07,1020,353,44,Wrong Shipment
811,521623,2025-10-08,1020,228,11,Wrong Shipment
812,512452,2025-09-17,1003,15,9,Customer Complaint
813,511800,2025-08-19,1025,149,12,Expired Product
814,531389,2025-03-21,1010,86,1,Wrong Shipment
815,520769,2025-12-08,1013,420,11,Damaged Product
816,504829,2025-02-25,1001,270,6,Quality Issue
817,514590,2025-04-16,1020,295,5,Customer Complaint
818,501508,2025-07-07,1006,368,8,Expired Product
819,518613,2025-09-19,1012,377,6,Expired Product
820,519303,2025-06-26,1005,140,28,Expired Product
821,538310,2025-06-12,1012,364,25,Expired Product
822,501739,2025-04-27,1010,443,2,Wrong Shipment
823,535876,2025-05-08,1020,351,20,Quality Issue
824,547068,2025-02-09,1016,404,2,Customer Complaint
825,505115,2026-01-08,1026,345,3,Customer Complaint
826,524907,2025-12-12,1009,243,8,Damaged Product
827,507636,2025-03-18,1023,265,22,Quality Issue
828,514399,2025-04-14,1024,68,1,Wrong Shipment
829,536171,2025-09-29,1019,170,22,Quality Issue
830,509184,2025-01-23,1005,215,4,Customer Complaint
831,536797,2025-05-06,1014,322,8,Quality Issue
832,537623,2025-06-07,1007,394,1,Expired Product
833,501656,2025-07-05,1004,207,29,Damaged Product
834,504327,2025-02-13,1012,223,8,Wrong Shipment
835,527378,2025-10-07,1010,40,40,Customer Complaint
836,519045,2025-02-26,1019,480,15,Wrong Shipment
837,544329,2025-06-21,1010,263,1,Wrong Shipment
838,509662,2025-08-01,1020,222,9,Damaged Product
839,515915,2026-02-05,1002,415,2,Customer Complaint
840,525467,2025-10-22,1020,157,63,Damaged Product
841,513611,2025-08-11,1004,302,34,Customer Complaint
842,511671,2025-05-21,1019,380,29,Customer Complaint
843,501220,2025-11-27,1012,280,21,Customer Complaint
844,538864,2025-07-26,1011,151,1,Quality Issue
845,512558,2025-11-18,1015,389,45,Quality Issue
846,539144,2025-02-19,1002,449,3,Quality Issue
847,535509,2025-03-02,1003,447,14,Quality Issue
848,511853,2025-09-18,1004,117,15,Quality Issue
849,513239,2025-09-17,1002,261,10,Damaged Product
850,529951,2025-05-31,1011,371,6,Wrong Shipment
851,527985,2025-08-18,1026,290,11,Expired Product
852,522091,2025-04-11,1012,357,1,Wrong Shipment
853,548990,2025-08-05,1003,232,6,Wrong Shipment
854,540640,2025-02-27,1018,408,4,Quality Issue
855,528912,2025-04-08,1005,155,3,Customer Complaint
856,508571,2025-06-23,1015,59,33,Quality Issue
857,538432,2025-09-10,1015,352,18,Quality Issue
858,540526,2025-03-12,1002,265,2,Expired Product
859,535550,2025-05-01,1004,358,13,Quality Issue
860,529488,2025-07-12,1026,122,3,Wrong Shipment
861,526038,2025-05-16,1003,209,1,Expired Product
862,519371,2026-01-09,1027,141,10,Wrong Shipment
863,544735,2026-01-18,1005,65,25,Customer Complaint
864,506916,2025-06-10,1001,315,57,Damaged Product
865,514999,2026-01-07,1011,124,27,Expired Product
866,516751,2025-06-14,1003,42,15,Wrong Shipment
867,529960,2025-08-31,1004,133,8,Wrong Shipment
868,528857,2025-08-05,1012,144,9,Quality Issue
869,538912,2025-07-11,1004,204,33,Customer Complaint
870,505844,2025-10-27,1012,84,11,Expired Product
871,515770,2025-02-26,1011,247,4,Damaged Product
872,527099,2025-09-26,1016,53,7,Expired Product
873,534727,2025-10-28,1015,469,18,Expired Product
874,520931,2025-08-09,1004,322,32,Expired Product
875,512314,2025-01-08,1012,48,28,Expired Product
876,508294,2025-02-20,1001,85,24,Customer Complaint
877,549409,2025-08-24,1001,137,6,Wrong Shipment
878,522320,2025-01-26,1005,312,2,Damaged Product
879,520487,2025-04-06,1016,287,4,Quality Issue
880,522611,2025-02-27,1026,274,23,Quality Issue
881,512466,2025-06-07,1010,98,11,Damaged Product
882,541513,2026-02-05,1013,359,14,Quality Issue
883,548610,2025-12-16,1003,25,29,Customer Complaint
884,517673,2025-09-02,1016,445,1,Expired Product
885,508566,2025-07-15,1001,206,4,Expired Product
886,542906,2025-12-20,1019,496,3,Customer Complaint
887,533295,2025-07-16,1001,276,10,Quality Issue
888,512929,2025-11-23,1003,281,49,Quality Issue
889,508384,2026-01-07,1014,326,13,Customer Complaint
890,526547,2025-08-05,1018,128,23,Quality Issue
891,521161,2025-04-12,1020,420,40,Customer Complaint
892,525332,2026-01-01,1001,182,4,Quality Issue
893,500417,2026-01-16,1019,68,4,Customer Complaint
894,538314,2025-12-31,1013,410,8,Customer Complaint
895,540759,2025-06-19,1014,395,56,Expired Product
896,501407,2025-11-22,1014,53,10,Customer Complaint
897,527989,2025-08-26,1008,405,10,Damaged Product
898,520658,2025-04-27,1022,157,23,Quality Issue
899,546982,2025-07-31,1005,370,34,Customer Complaint
900,529902,2025-04-28,1005,413,22,Wrong Shipment
901,532870,2025-02-03,1014,73,14,Expired Product
902,521614,2025-02-24,1004,314,25,Expired Product
903,518693,2025-10-24,1032,40,23,Customer Complaint
904,514463,2025-03-16,1001,167,22,Quality Issue
905,513530,2025-02-19,1010,402,11,Quality Issue
906,529805,2025-02-05,1015,8,8,Expired Product
907,501445,2025-09-10,1012,378,15,Expired Product
908,518219,2025-12-20,1001,233,8,Expired Product
909,545064,2025-05-27,1034,28,29,Expired Product
910,530647,2025-04-25,1013,480,41,Wrong Shipment
911,549168,2025-04-27,1006,19,26,Damaged Product
912,539990,2025-11-13,1011,412,1,Customer Complaint
913,544756,2026-01-16,1004,314,6,Customer Complaint
914,548346,2025-10-17,1031,456,5,Expired Product
915,542970,2025-04-09,1012,191,48,Customer Complaint
916,520420,2025-07-22,1003,97,22,Damaged Product
917,510897,2025-02-22,1009,190,16,Expired Product
918,545621,2025-10-27,1019,176,27,Damaged Product
919,536350,2025-07-21,1017,170,42,Quality Issue
920,519313,2026-01-02,1006,313,11,Damaged Product
921,505583,2025-07-13,1003,428,27,Damaged Product
922,506683,2025-09-16,1008,93,13,Customer Complaint
923,530680,2025-02-12,1005,459,23,Quality Issue
924,528389,2025-02-07,1027,9,36,Wrong Shipment
925,506848,2025-09-14,1003,332,36,Quality Issue
926,515982,2025-09-06,1003,365,16,Wrong Shipment
927,533676,2026-01-21,1033,238,12,Wrong Shipment
928,547504,2025-06-13,1019,229,10,Quality Issue
929,507566,2025-10-17,1020,283,21,Wrong Shipment
930,520729,2025-02-14,1002,22,45,Expired Product
931,507412,2025-03-23,1020,283,9,Wrong Shipment
932,525355,2025-02-22,1009,364,27,Quality Issue
933,547739,2025-10-30,1018,318,50,Wrong Shipment
934,509759,2025-11-26,1007,486,37,Expired Product
935,509768,2025-08-28,1015,159,1,Wrong Shipment
936,507134,2025-08-09,1030,235,5,Damaged Product
937,528594,2025-07-21,1013,283,32,Damaged Product
938,541210,2025-04-01,1012,207,33,Expired Product
939,523112,2025-07-03,1003,128,4,Expired Product
940,544347,2025-05-06,1015,365,3,Expired Product
941,522810,2025-10-17,1017,91,1,Damaged Product
942,520508,2025-12-04,1008,228,15,Quality Issue
943,545706,2025-12-25,1011,260,15,Quality Issue
944,521762,2025-10-01,1016,270,38,Quality Issue
945,521496,2026-01-01,1013,400,14,Quality Issue
946,511505,2025-07-12,1014,259,21,Damaged Product
947,532457,2025-06-18,1007,47,14,Quality Issue
948,544210,2025-03-04,1030,483,9,Expired Product
949,543813,2025-07-05,1003,404,3,Quality Issue
950,518265,2025-10-09,1003,407,46,Wrong Shipment
951,541115,2025-11-02,1003,92,22,Damaged Product
952,520035,2025-12-25,1020,348,13,Expired Product
953,510076,2025-03-13,1004,319,24,Quality Issue
954,537297,2025-06-25,1011,444,38,Quality Issue
955,514277,2025-11-22,1003,360,8,Wrong Shipment
956,535781,2025-06-12,1001,172,6,Quality Issue
957,516871,2025-09-18,1014,355,27,Expired Product
958,504230,2025-08-07,1023,361,16,Wrong Shipment
959,549030,2025-03-18,1013,389,4,Expired Product
960,500168,2025-12-13,1020,222,64,Expired Product
961,514447,2025-12-19,1008,67,7,Expired Product
962,536717,2025-04-17,1005,463,22,Damaged Product
963,536165,2025-09-18,1030,12,46,Damaged Product
964,514474,2025-12-07,1004,152,4,Damaged Product
965,544427,2025-09-14,1017,221,18,Wrong Shipment
966,546117,2025-01-16,1015,50,18,Wrong Shipment
967,530626,2026-01-19,1025,498,1,Quality Issue
968,509961,2025-07-17,1017,341,47,Wrong Shipment
969,538723,2025-12-19,1026,464,15,Customer Complaint
970,528345,2025-10-26,1004,239,24,Quality Issue
971,516438,2025-11-19,1001,57,1,Customer Complaint
972,508854,2025-04-07,1015,387,20,Quality Issue
973,517364,2025-07-20,1009,194,2,Wrong Shipment
974,504581,2025-11-18,1026,369,1,Damaged Product
975,547304,2026-01-13,1007,34,2,Damaged Product
976,544680,2026-02-03,1014,45,17,Damaged Product
977,515193,2025-07-21,1009,165,4,Customer Complaint
978,531448,2025-11-20,1026,458,4,Damaged Product
979,505526,2025-05-25,1015,419,1,Wrong Shipment
980,539228,2025-05-28,1005,19,23,Customer Complaint
981,503468,2025-07-10,1007,48,29,Customer Complaint
982,515074,2025-02-21,1012,299,1,Customer Complaint
983,548706,2025-04-13,1011,486,15,Customer Complaint
984,513610,2025-06-29,1010,340,2,Wrong Shipment
985,518786,2025-02-27,1010,352,19,Quality Issue
986,539758,2025-01-28,1004,81,20,Quality Issue
987,524217,2025-05-04,1004,124,28,Customer Complaint
988,533986,2025-10-03,1016,67,4,Customer Complaint
989,511626,2025-03-11,1012,415,4,Expired Product
990,512137,2025-11-27,1009,107,28,Customer Complaint
991,512629,2025-05-15,1024,317,16,Customer Complaint
992,528348,2025-03-22,1002,249,27,Customer Complaint
993,543512,2025-03-18,1009,268,2,Wrong Shipment
994,505873,2025-11-27,1019,471,29,Quality Issue
995,548244,2025-09-21,1014,226,14,Expired Product
996,533982,2025-08-23,1011,364,71,Quality Issue
997,531261,2025-07-14,1006,482,1,Customer Complaint
998,512293,2025-11-19,1014,338,4,Wrong Shipment
999,542287,2025-07-08,1004,196,37,Wrong Shipment
1000,513665,2025-01-31,1004,397,4,Customer Complaint
